image_path,Cluster
E:\MAJOR PROJECT\Dataset\Dataset 0\road_classification\Road Surface Image Dataset with Detailed Annotations\dataset(v2)\dataset\test-set\1\2022-06-27 06-59-48-301.jpg,1
E:\MAJOR PROJECT\Dataset\Dataset 0\road_classification\Road Surface Image Dataset with Detailed Annotations\dataset(v2)\dataset\test-set\1\2022-06-27 06-59-48-302.jpg,1
E:\MAJOR PROJECT\Dataset\Dataset 0\road_classification\Road Surface Image Dataset with Detailed Annotations\dataset(v2)\dataset\test-set\1\2022-06-27 06-59-49-303.jpg,1
E:\MAJOR PROJECT\Dataset\Dataset 0\road_classification\Road Surface Image Dataset with Detailed Annotations\dataset(v2)\dataset\test-set\1\2022-06-27 06-59-49-304.jpg,1
E:\MAJOR PROJECT\Dataset\Dataset 0\road_classification\Road Surface Image Dataset with Detailed Annotations\dataset(v2)\dataset\test-set\1\2022-06-27 06-59-49-305.jpg,1
E:\MAJOR PROJECT\Dataset\Dataset 0\road_classification\Road Surface Image Dataset with Detailed Annotations\dataset(v2)\dataset\test-set\1\2022-06-27 06-59-49-306.jpg,1
E:\MAJOR PROJECT\Dataset\Dataset 0\road_classification\Road Surface Image Dataset with Detailed Annotations\dataset(v2)\dataset\test-set\1\2022-06-27 06-59-50-307.jpg,1
E:\MAJOR PROJECT\Dataset\Dataset 0\road_classification\Road Surface Image Dataset with Detailed Annotations\dataset(v2)\dataset\test-set\1\2022-06-27 06-59-50-308.jpg,1
E:\MAJOR PROJECT\Dataset\Dataset 0\road_classification\Road Surface Image Dataset with Detailed Annotations\dataset(v2)\dataset\test-set\1\2022-06-27 06-59-50-309.jpg,1
E:\MAJOR PROJECT\Dataset\Dataset 0\road_classification\Road Surface Image Dataset with Detailed Annotations\dataset(v2)\dataset\test-set\1\2022-06-27 06-59-51-310.jpg,1
E:\MAJOR PROJECT\Dataset\Dataset 0\road_classification\Road Surface Image Dataset with Detailed Annotations\dataset(v2)\dataset\test-set\1\2022-06-27 06-59-51-311.jpg,1
E:\MAJOR PROJECT\Dataset\Dataset 0\road_classification\Road Surface Image Dataset with Detailed Annotations\dataset(v2)\dataset\test-set\1\2022-06-27 06-59-51-312.jpg,1
E:\MAJOR PROJECT\Dataset\Dataset 0\road_classification\Road Surface Image Dataset with Detailed Annotations\dataset(v2)\dataset\test-set\1\2022-06-27 06-59-52-313.jpg,1
E:\MAJOR PROJECT\Dataset\Dataset 0\road_classification\Road Surface Image Dataset with Detailed Annotations\dataset(v2)\dataset\test-set\1\2022-06-27 06-59-52-314.jpg,1
E:\MAJOR PROJECT\Dataset\Dataset 0\road_classification\Road Surface Image Dataset with Detailed Annotations\dataset(v2)\dataset\test-set\1\2022-06-27 06-59-52-315.jpg,1
E:\MAJOR PROJECT\Dataset\Dataset 0\road_classification\Road Surface Image Dataset with Detailed Annotations\dataset(v2)\dataset\test-set\1\2022-06-27 06-59-53-316.jpg,1
E:\MAJOR PROJECT\Dataset\Dataset 0\road_classification\Road Surface Image Dataset with Detailed Annotations\dataset(v2)\dataset\test-set\1\2022-06-27 06-59-53-317.jpg,1
E:\MAJOR PROJECT\Dataset\Dataset 0\road_classification\Road Surface Image Dataset with Detailed Annotations\dataset(v2)\dataset\test-set\1\2022-06-27 06-59-53-318.jpg,1
E:\MAJOR PROJECT\Dataset\Dataset 0\road_classification\Road Surface Image Dataset with Detailed Annotations\dataset(v2)\dataset\test-set\1\2022-06-27 06-59-54-319.jpg,1
E:\MAJOR PROJECT\Dataset\Dataset 0\road_classification\Road Surface Image Dataset with Detailed Annotations\dataset(v2)\dataset\test-set\1\2022-06-27 06-59-54-320.jpg,1
E:\MAJOR PROJECT\Dataset\Dataset 0\road_classification\Road Surface Image Dataset with Detailed Annotations\dataset(v2)\dataset\test-set\1\2022-06-27 06-59-54-321.jpg,1
E:\MAJOR PROJECT\Dataset\Dataset 0\road_classification\Road Surface Image Dataset with Detailed Annotations\dataset(v2)\dataset\test-set\1\2022-06-27 06-59-55-322.jpg,1
E:\MAJOR PROJECT\Dataset\Dataset 0\road_classification\Road Surface Image Dataset with Detailed Annotations\dataset(v2)\dataset\test-set\1\2022-06-27 06-59-55-323.jpg,1
E:\MAJOR PROJECT\Dataset\Dataset 0\road_classification\Road Surface Image Dataset with Detailed Annotations\dataset(v2)\dataset\test-set\1\2022-06-27 06-59-55-324.jpg,1
E:\MAJOR PROJECT\Dataset\Dataset 0\road_classification\Road Surface Image Dataset with Detailed Annotations\dataset(v2)\dataset\test-set\1\2022-06-27 06-59-55-325.jpg,1
E:\MAJOR PROJECT\Dataset\Dataset 0\road_classification\Road Surface Image Dataset with Detailed Annotations\dataset(v2)\dataset\test-set\1\2022-06-27 06-59-56-326.jpg,1
E:\MAJOR PROJECT\Dataset\Dataset 0\road_classification\Road Surface Image Dataset with Detailed Annotations\dataset(v2)\dataset\test-set\1\2022-06-27 06-59-56-327.jpg,1
E:\MAJOR PROJECT\Dataset\Dataset 0\road_classification\Road Surface Image Dataset with Detailed Annotations\dataset(v2)\dataset\test-set\1\2022-06-27 06-59-56-328.jpg,1
E:\MAJOR PROJECT\Dataset\Dataset 0\road_classification\Road Surface Image Dataset with Detailed Annotations\dataset(v2)\dataset\test-set\1\2022-06-27 06-59-57-329.jpg,1
E:\MAJOR PROJECT\Dataset\Dataset 0\road_classification\Road Surface Image Dataset with Detailed Annotations\dataset(v2)\dataset\test-set\1\2022-06-27 06-59-57-330.jpg,1
E:\MAJOR PROJECT\Dataset\Dataset 0\road_classification\Road Surface Image Dataset with Detailed Annotations\dataset(v2)\dataset\test-set\10\2022-06-28 15-28-29-7003.jpg,2
E:\MAJOR PROJECT\Dataset\Dataset 0\road_classification\Road Surface Image Dataset with Detailed Annotations\dataset(v2)\dataset\test-set\10\2022-06-28 15-28-30-7005.jpg,2
E:\MAJOR PROJECT\Dataset\Dataset 0\road_classification\Road Surface Image Dataset with Detailed Annotations\dataset(v2)\dataset\test-set\10\2022-06-28 15-28-30-7007.jpg,2
E:\MAJOR PROJECT\Dataset\Dataset 0\road_classification\Road Surface Image Dataset with Detailed Annotations\dataset(v2)\dataset\test-set\10\2022-06-28 15-28-31-7009.jpg,2
E:\MAJOR PROJECT\Dataset\Dataset 0\road_classification\Road Surface Image Dataset with Detailed Annotations\dataset(v2)\dataset\test-set\10\2022-06-28 15-28-31-7011.jpg,2
E:\MAJOR PROJECT\Dataset\Dataset 0\road_classification\Road Surface Image Dataset with Detailed Annotations\dataset(v2)\dataset\test-set\10\2022-06-28 15-28-32-7013.jpg,0
E:\MAJOR PROJECT\Dataset\Dataset 0\road_classification\Road Surface Image Dataset with Detailed Annotations\dataset(v2)\dataset\test-set\10\2022-06-28 15-28-32-7015.jpg,0
E:\MAJOR PROJECT\Dataset\Dataset 0\road_classification\Road Surface Image Dataset with Detailed Annotations\dataset(v2)\dataset\test-set\10\2022-06-28 15-28-32-7017.jpg,0
E:\MAJOR PROJECT\Dataset\Dataset 0\road_classification\Road Surface Image Dataset with Detailed Annotations\dataset(v2)\dataset\test-set\10\2022-06-28 15-28-33-7019.jpg,0
E:\MAJOR PROJECT\Dataset\Dataset 0\road_classification\Road Surface Image Dataset with Detailed Annotations\dataset(v2)\dataset\test-set\10\2022-06-28 15-28-33-7021.jpg,0
E:\MAJOR PROJECT\Dataset\Dataset 0\road_classification\Road Surface Image Dataset with Detailed Annotations\dataset(v2)\dataset\test-set\10\2022-06-28 15-28-34-7023.jpg,0
E:\MAJOR PROJECT\Dataset\Dataset 0\road_classification\Road Surface Image Dataset with Detailed Annotations\dataset(v2)\dataset\test-set\10\2022-06-28 15-28-34-7025.jpg,3
E:\MAJOR PROJECT\Dataset\Dataset 0\road_classification\Road Surface Image Dataset with Detailed Annotations\dataset(v2)\dataset\test-set\10\2022-06-28 15-28-35-7027.jpg,0
E:\MAJOR PROJECT\Dataset\Dataset 0\road_classification\Road Surface Image Dataset with Detailed Annotations\dataset(v2)\dataset\test-set\10\2022-06-28 15-28-35-7029.jpg,0
E:\MAJOR PROJECT\Dataset\Dataset 0\road_classification\Road Surface Image Dataset with Detailed Annotations\dataset(v2)\dataset\test-set\10\2022-06-28 15-28-36-7031.jpg,0
E:\MAJOR PROJECT\Dataset\Dataset 0\road_classification\Road Surface Image Dataset with Detailed Annotations\dataset(v2)\dataset\test-set\10\2022-06-28 15-28-36-7033.jpg,0
E:\MAJOR PROJECT\Dataset\Dataset 0\road_classification\Road Surface Image Dataset with Detailed Annotations\dataset(v2)\dataset\test-set\10\2022-06-28 15-28-37-7035.jpg,0
E:\MAJOR PROJECT\Dataset\Dataset 0\road_classification\Road Surface Image Dataset with Detailed Annotations\dataset(v2)\dataset\test-set\10\2022-06-28 15-28-37-7037.jpg,0
E:\MAJOR PROJECT\Dataset\Dataset 0\road_classification\Road Surface Image Dataset with Detailed Annotations\dataset(v2)\dataset\test-set\10\2022-06-28 15-28-38-7039.jpg,0
E:\MAJOR PROJECT\Dataset\Dataset 0\road_classification\Road Surface Image Dataset with Detailed Annotations\dataset(v2)\dataset\test-set\10\2022-06-28 15-28-38-7041.jpg,2
E:\MAJOR PROJECT\Dataset\Dataset 0\road_classification\Road Surface Image Dataset with Detailed Annotations\dataset(v2)\dataset\test-set\10\2022-06-28 15-28-38-7043.jpg,2
E:\MAJOR PROJECT\Dataset\Dataset 0\road_classification\Road Surface Image Dataset with Detailed Annotations\dataset(v2)\dataset\test-set\10\2022-06-28 15-28-39-7045.jpg,2
E:\MAJOR PROJECT\Dataset\Dataset 0\road_classification\Road Surface Image Dataset with Detailed Annotations\dataset(v2)\dataset\test-set\10\2022-06-28 15-28-39-7047.jpg,2
E:\MAJOR PROJECT\Dataset\Dataset 0\road_classification\Road Surface Image Dataset with Detailed Annotations\dataset(v2)\dataset\test-set\10\2022-06-28 15-28-40-7049.jpg,2
E:\MAJOR PROJECT\Dataset\Dataset 0\road_classification\Road Surface Image Dataset with Detailed Annotations\dataset(v2)\dataset\test-set\10\2022-06-28 15-28-40-7051.jpg,2
E:\MAJOR PROJECT\Dataset\Dataset 0\road_classification\Road Surface Image Dataset with Detailed Annotations\dataset(v2)\dataset\test-set\10\2022-06-28 15-28-41-7053.jpg,2
E:\MAJOR PROJECT\Dataset\Dataset 0\road_classification\Road Surface Image Dataset with Detailed Annotations\dataset(v2)\dataset\test-set\10\2022-06-28 15-28-41-7055.jpg,2
E:\MAJOR PROJECT\Dataset\Dataset 0\road_classification\Road Surface Image Dataset with Detailed Annotations\dataset(v2)\dataset\test-set\10\2022-06-28 15-28-42-7057.jpg,2
E:\MAJOR PROJECT\Dataset\Dataset 0\road_classification\Road Surface Image Dataset with Detailed Annotations\dataset(v2)\dataset\test-set\10\2022-06-28 15-28-42-7059.jpg,2
E:\MAJOR PROJECT\Dataset\Dataset 0\road_classification\Road Surface Image Dataset with Detailed Annotations\dataset(v2)\dataset\test-set\10\2022-06-28 15-28-43-7061.jpg,2
E:\MAJOR PROJECT\Dataset\Dataset 0\road_classification\Road Surface Image Dataset with Detailed Annotations\dataset(v2)\dataset\test-set\11\2022-06-28 15-16-42-3945.jpg,0
E:\MAJOR PROJECT\Dataset\Dataset 0\road_classification\Road Surface Image Dataset with Detailed Annotations\dataset(v2)\dataset\test-set\11\2022-06-28 15-16-42-3946.jpg,2
E:\MAJOR PROJECT\Dataset\Dataset 0\road_classification\Road Surface Image Dataset with Detailed Annotations\dataset(v2)\dataset\test-set\11\2022-06-28 15-16-43-3948.jpg,0
E:\MAJOR PROJECT\Dataset\Dataset 0\road_classification\Road Surface Image Dataset with Detailed Annotations\dataset(v2)\dataset\test-set\11\2022-06-28 15-16-43-3950.jpg,0
E:\MAJOR PROJECT\Dataset\Dataset 0\road_classification\Road Surface Image Dataset with Detailed Annotations\dataset(v2)\dataset\test-set\11\2022-06-28 15-16-43-3952.jpg,0
E:\MAJOR PROJECT\Dataset\Dataset 0\road_classification\Road Surface Image Dataset with Detailed Annotations\dataset(v2)\dataset\test-set\11\2022-06-28 15-16-44-3954.jpg,0
E:\MAJOR PROJECT\Dataset\Dataset 0\road_classification\Road Surface Image Dataset with Detailed Annotations\dataset(v2)\dataset\test-set\11\2022-06-28 15-16-44-3956.jpg,0
E:\MAJOR PROJECT\Dataset\Dataset 0\road_classification\Road Surface Image Dataset with Detailed Annotations\dataset(v2)\dataset\test-set\11\2022-06-28 15-16-45-3958.jpg,0
E:\MAJOR PROJECT\Dataset\Dataset 0\road_classification\Road Surface Image Dataset with Detailed Annotations\dataset(v2)\dataset\test-set\11\2022-06-28 15-16-45-3960.jpg,0
E:\MAJOR PROJECT\Dataset\Dataset 0\road_classification\Road Surface Image Dataset with Detailed Annotations\dataset(v2)\dataset\test-set\11\2022-06-28 15-16-46-3962.jpg,0
E:\MAJOR PROJECT\Dataset\Dataset 0\road_classification\Road Surface Image Dataset with Detailed Annotations\dataset(v2)\dataset\test-set\11\2022-06-28 15-16-46-3964.jpg,0
E:\MAJOR PROJECT\Dataset\Dataset 0\road_classification\Road Surface Image Dataset with Detailed Annotations\dataset(v2)\dataset\test-set\11\2022-06-28 15-16-47-3966.jpg,0
E:\MAJOR PROJECT\Dataset\Dataset 0\road_classification\Road Surface Image Dataset with Detailed Annotations\dataset(v2)\dataset\test-set\11\2022-06-28 15-16-47-3968.jpg,0
E:\MAJOR PROJECT\Dataset\Dataset 0\road_classification\Road Surface Image Dataset with Detailed Annotations\dataset(v2)\dataset\test-set\11\2022-06-28 15-16-48-3970.jpg,0
E:\MAJOR PROJECT\Dataset\Dataset 0\road_classification\Road Surface Image Dataset with Detailed Annotations\dataset(v2)\dataset\test-set\11\2022-06-28 15-16-48-3972.jpg,0
E:\MAJOR PROJECT\Dataset\Dataset 0\road_classification\Road Surface Image Dataset with Detailed Annotations\dataset(v2)\dataset\test-set\11\2022-06-28 15-16-49-3974.jpg,0
E:\MAJOR PROJECT\Dataset\Dataset 0\road_classification\Road Surface Image Dataset with Detailed Annotations\dataset(v2)\dataset\test-set\11\2022-06-28 15-16-49-3976.jpg,0
E:\MAJOR PROJECT\Dataset\Dataset 0\road_classification\Road Surface Image Dataset with Detailed Annotations\dataset(v2)\dataset\test-set\11\2022-06-28 15-16-50-3978.jpg,0
E:\MAJOR PROJECT\Dataset\Dataset 0\road_classification\Road Surface Image Dataset with Detailed Annotations\dataset(v2)\dataset\test-set\11\2022-06-28 15-16-50-3980.jpg,2
E:\MAJOR PROJECT\Dataset\Dataset 0\road_classification\Road Surface Image Dataset with Detailed Annotations\dataset(v2)\dataset\test-set\11\2022-06-28 15-16-50-3982.jpg,2
E:\MAJOR PROJECT\Dataset\Dataset 0\road_classification\Road Surface Image Dataset with Detailed Annotations\dataset(v2)\dataset\test-set\11\2022-06-28 15-16-51-3984.jpg,2
E:\MAJOR PROJECT\Dataset\Dataset 0\road_classification\Road Surface Image Dataset with Detailed Annotations\dataset(v2)\dataset\test-set\11\2022-06-28 15-16-51-3986.jpg,2
E:\MAJOR PROJECT\Dataset\Dataset 0\road_classification\Road Surface Image Dataset with Detailed Annotations\dataset(v2)\dataset\test-set\11\2022-06-28 15-16-52-3988.jpg,2
E:\MAJOR PROJECT\Dataset\Dataset 0\road_classification\Road Surface Image Dataset with Detailed Annotations\dataset(v2)\dataset\test-set\11\2022-06-28 15-16-52-3990.jpg,2
E:\MAJOR PROJECT\Dataset\Dataset 0\road_classification\Road Surface Image Dataset with Detailed Annotations\dataset(v2)\dataset\test-set\11\2022-06-28 15-16-53-3992.jpg,2
E:\MAJOR PROJECT\Dataset\Dataset 0\road_classification\Road Surface Image Dataset with Detailed Annotations\dataset(v2)\dataset\test-set\11\2022-06-28 15-16-53-3994.jpg,2
E:\MAJOR PROJECT\Dataset\Dataset 0\road_classification\Road Surface Image Dataset with Detailed Annotations\dataset(v2)\dataset\test-set\11\2022-06-28 15-16-54-3996.jpg,2
E:\MAJOR PROJECT\Dataset\Dataset 0\road_classification\Road Surface Image Dataset with Detailed Annotations\dataset(v2)\dataset\test-set\11\2022-06-28 15-16-55-4000.jpg,2
E:\MAJOR PROJECT\Dataset\Dataset 0\road_classification\Road Surface Image Dataset with Detailed Annotations\dataset(v2)\dataset\test-set\11\2022-06-28 15-16-55-4004.jpg,2
E:\MAJOR PROJECT\Dataset\Dataset 0\road_classification\Road Surface Image Dataset with Detailed Annotations\dataset(v2)\dataset\test-set\11\2022-06-28 15-16-56-4006.jpg,2
E:\MAJOR PROJECT\Dataset\Dataset 0\road_classification\Road Surface Image Dataset with Detailed Annotations\dataset(v2)\dataset\test-set\12\2022-06-28 15-03-59-652.jpg,2
E:\MAJOR PROJECT\Dataset\Dataset 0\road_classification\Road Surface Image Dataset with Detailed Annotations\dataset(v2)\dataset\test-set\12\2022-06-28 15-04-00-653.jpg,2
E:\MAJOR PROJECT\Dataset\Dataset 0\road_classification\Road Surface Image Dataset with Detailed Annotations\dataset(v2)\dataset\test-set\12\2022-06-28 15-04-00-654.jpg,2
E:\MAJOR PROJECT\Dataset\Dataset 0\road_classification\Road Surface Image Dataset with Detailed Annotations\dataset(v2)\dataset\test-set\12\2022-06-28 15-04-00-656.jpg,2
E:\MAJOR PROJECT\Dataset\Dataset 0\road_classification\Road Surface Image Dataset with Detailed Annotations\dataset(v2)\dataset\test-set\12\2022-06-28 15-04-01-658.jpg,2
E:\MAJOR PROJECT\Dataset\Dataset 0\road_classification\Road Surface Image Dataset with Detailed Annotations\dataset(v2)\dataset\test-set\12\2022-06-28 15-04-01-660.jpg,2
E:\MAJOR PROJECT\Dataset\Dataset 0\road_classification\Road Surface Image Dataset with Detailed Annotations\dataset(v2)\dataset\test-set\12\2022-06-28 15-04-02-663.jpg,2
E:\MAJOR PROJECT\Dataset\Dataset 0\road_classification\Road Surface Image Dataset with Detailed Annotations\dataset(v2)\dataset\test-set\12\2022-06-28 15-04-02-665.jpg,2
E:\MAJOR PROJECT\Dataset\Dataset 0\road_classification\Road Surface Image Dataset with Detailed Annotations\dataset(v2)\dataset\test-set\12\2022-06-28 15-04-03-667.jpg,2
E:\MAJOR PROJECT\Dataset\Dataset 0\road_classification\Road Surface Image Dataset with Detailed Annotations\dataset(v2)\dataset\test-set\12\2022-06-28 15-04-03-669.jpg,2
E:\MAJOR PROJECT\Dataset\Dataset 0\road_classification\Road Surface Image Dataset with Detailed Annotations\dataset(v2)\dataset\test-set\12\2022-06-28 15-04-04-671.jpg,2
E:\MAJOR PROJECT\Dataset\Dataset 0\road_classification\Road Surface Image Dataset with Detailed Annotations\dataset(v2)\dataset\test-set\12\2022-06-28 15-04-04-673.jpg,2
E:\MAJOR PROJECT\Dataset\Dataset 0\road_classification\Road Surface Image Dataset with Detailed Annotations\dataset(v2)\dataset\test-set\12\2022-06-28 15-04-05-675.jpg,2
E:\MAJOR PROJECT\Dataset\Dataset 0\road_classification\Road Surface Image Dataset with Detailed Annotations\dataset(v2)\dataset\test-set\12\2022-06-28 15-04-05-677.jpg,2
E:\MAJOR PROJECT\Dataset\Dataset 0\road_classification\Road Surface Image Dataset with Detailed Annotations\dataset(v2)\dataset\test-set\12\2022-06-28 15-04-06-679.jpg,2
E:\MAJOR PROJECT\Dataset\Dataset 0\road_classification\Road Surface Image Dataset with Detailed Annotations\dataset(v2)\dataset\test-set\12\2022-06-28 15-04-06-681.jpg,2
E:\MAJOR PROJECT\Dataset\Dataset 0\road_classification\Road Surface Image Dataset with Detailed Annotations\dataset(v2)\dataset\test-set\12\2022-06-28 15-04-06-683.jpg,2
E:\MAJOR PROJECT\Dataset\Dataset 0\road_classification\Road Surface Image Dataset with Detailed Annotations\dataset(v2)\dataset\test-set\12\2022-06-28 15-04-07-685.jpg,2
E:\MAJOR PROJECT\Dataset\Dataset 0\road_classification\Road Surface Image Dataset with Detailed Annotations\dataset(v2)\dataset\test-set\12\2022-06-28 15-04-08-688.jpg,2
E:\MAJOR PROJECT\Dataset\Dataset 0\road_classification\Road Surface Image Dataset with Detailed Annotations\dataset(v2)\dataset\test-set\12\2022-06-28 15-04-08-690.jpg,2
E:\MAJOR PROJECT\Dataset\Dataset 0\road_classification\Road Surface Image Dataset with Detailed Annotations\dataset(v2)\dataset\test-set\12\2022-06-28 15-04-09-692.jpg,2
E:\MAJOR PROJECT\Dataset\Dataset 0\road_classification\Road Surface Image Dataset with Detailed Annotations\dataset(v2)\dataset\test-set\12\2022-06-28 15-04-09-694.jpg,2
E:\MAJOR PROJECT\Dataset\Dataset 0\road_classification\Road Surface Image Dataset with Detailed Annotations\dataset(v2)\dataset\test-set\12\2022-06-28 15-04-10-696.jpg,2
E:\MAJOR PROJECT\Dataset\Dataset 0\road_classification\Road Surface Image Dataset with Detailed Annotations\dataset(v2)\dataset\test-set\12\2022-06-28 15-04-10-698.jpg,2
E:\MAJOR PROJECT\Dataset\Dataset 0\road_classification\Road Surface Image Dataset with Detailed Annotations\dataset(v2)\dataset\test-set\12\2022-06-28 15-04-11-700.jpg,2
E:\MAJOR PROJECT\Dataset\Dataset 0\road_classification\Road Surface Image Dataset with Detailed Annotations\dataset(v2)\dataset\test-set\12\2022-06-28 15-04-11-702.jpg,2
E:\MAJOR PROJECT\Dataset\Dataset 0\road_classification\Road Surface Image Dataset with Detailed Annotations\dataset(v2)\dataset\test-set\12\2022-06-28 15-04-12-706.jpg,2
E:\MAJOR PROJECT\Dataset\Dataset 0\road_classification\Road Surface Image Dataset with Detailed Annotations\dataset(v2)\dataset\test-set\12\2022-06-28 15-04-12-708.jpg,2
E:\MAJOR PROJECT\Dataset\Dataset 0\road_classification\Road Surface Image Dataset with Detailed Annotations\dataset(v2)\dataset\test-set\12\2022-06-28 15-04-13-710.jpg,2
E:\MAJOR PROJECT\Dataset\Dataset 0\road_classification\Road Surface Image Dataset with Detailed Annotations\dataset(v2)\dataset\test-set\12\2022-06-28 15-04-13-712.jpg,2
E:\MAJOR PROJECT\Dataset\Dataset 0\road_classification\Road Surface Image Dataset with Detailed Annotations\dataset(v2)\dataset\test-set\2\2022-06-27 06-45-25-130.jpg,3
E:\MAJOR PROJECT\Dataset\Dataset 0\road_classification\Road Surface Image Dataset with Detailed Annotations\dataset(v2)\dataset\test-set\2\2022-06-27 06-45-25-131.jpg,3
E:\MAJOR PROJECT\Dataset\Dataset 0\road_classification\Road Surface Image Dataset with Detailed Annotations\dataset(v2)\dataset\test-set\2\2022-06-27 06-45-25-132.jpg,3
E:\MAJOR PROJECT\Dataset\Dataset 0\road_classification\Road Surface Image Dataset with Detailed Annotations\dataset(v2)\dataset\test-set\2\2022-06-27 06-45-25-133.jpg,3
E:\MAJOR PROJECT\Dataset\Dataset 0\road_classification\Road Surface Image Dataset with Detailed Annotations\dataset(v2)\dataset\test-set\2\2022-06-27 06-45-26-134.jpg,3
E:\MAJOR PROJECT\Dataset\Dataset 0\road_classification\Road Surface Image Dataset with Detailed Annotations\dataset(v2)\dataset\test-set\2\2022-06-27 06-45-26-135.jpg,3
E:\MAJOR PROJECT\Dataset\Dataset 0\road_classification\Road Surface Image Dataset with Detailed Annotations\dataset(v2)\dataset\test-set\2\2022-06-27 06-45-26-136.jpg,3
E:\MAJOR PROJECT\Dataset\Dataset 0\road_classification\Road Surface Image Dataset with Detailed Annotations\dataset(v2)\dataset\test-set\2\2022-06-27 06-45-26-137.jpg,3
E:\MAJOR PROJECT\Dataset\Dataset 0\road_classification\Road Surface Image Dataset with Detailed Annotations\dataset(v2)\dataset\test-set\2\2022-06-27 06-45-27-138.jpg,3
E:\MAJOR PROJECT\Dataset\Dataset 0\road_classification\Road Surface Image Dataset with Detailed Annotations\dataset(v2)\dataset\test-set\2\2022-06-27 06-45-27-139.jpg,3
E:\MAJOR PROJECT\Dataset\Dataset 0\road_classification\Road Surface Image Dataset with Detailed Annotations\dataset(v2)\dataset\test-set\2\2022-06-27 06-45-27-140.jpg,3
E:\MAJOR PROJECT\Dataset\Dataset 0\road_classification\Road Surface Image Dataset with Detailed Annotations\dataset(v2)\dataset\test-set\2\2022-06-27 06-45-28-141.jpg,3
E:\MAJOR PROJECT\Dataset\Dataset 0\road_classification\Road Surface Image Dataset with Detailed Annotations\dataset(v2)\dataset\test-set\2\2022-06-27 06-45-28-142.jpg,3
E:\MAJOR PROJECT\Dataset\Dataset 0\road_classification\Road Surface Image Dataset with Detailed Annotations\dataset(v2)\dataset\test-set\2\2022-06-27 06-45-28-143.jpg,3
E:\MAJOR PROJECT\Dataset\Dataset 0\road_classification\Road Surface Image Dataset with Detailed Annotations\dataset(v2)\dataset\test-set\2\2022-06-27 06-45-29-144.jpg,3
E:\MAJOR PROJECT\Dataset\Dataset 0\road_classification\Road Surface Image Dataset with Detailed Annotations\dataset(v2)\dataset\test-set\2\2022-06-27 06-45-29-145.jpg,3
E:\MAJOR PROJECT\Dataset\Dataset 0\road_classification\Road Surface Image Dataset with Detailed Annotations\dataset(v2)\dataset\test-set\2\2022-06-27 06-45-29-146.jpg,3
E:\MAJOR PROJECT\Dataset\Dataset 0\road_classification\Road Surface Image Dataset with Detailed Annotations\dataset(v2)\dataset\test-set\2\2022-06-27 06-45-30-147.jpg,3
E:\MAJOR PROJECT\Dataset\Dataset 0\road_classification\Road Surface Image Dataset with Detailed Annotations\dataset(v2)\dataset\test-set\2\2022-06-27 06-45-30-148.jpg,3
E:\MAJOR PROJECT\Dataset\Dataset 0\road_classification\Road Surface Image Dataset with Detailed Annotations\dataset(v2)\dataset\test-set\2\2022-06-27 06-45-30-149.jpg,3
E:\MAJOR PROJECT\Dataset\Dataset 0\road_classification\Road Surface Image Dataset with Detailed Annotations\dataset(v2)\dataset\test-set\2\2022-06-27 06-45-30-150.jpg,3
E:\MAJOR PROJECT\Dataset\Dataset 0\road_classification\Road Surface Image Dataset with Detailed Annotations\dataset(v2)\dataset\test-set\2\2022-06-27 06-45-31-151.jpg,3
E:\MAJOR PROJECT\Dataset\Dataset 0\road_classification\Road Surface Image Dataset with Detailed Annotations\dataset(v2)\dataset\test-set\2\2022-06-27 06-45-31-152.jpg,3
E:\MAJOR PROJECT\Dataset\Dataset 0\road_classification\Road Surface Image Dataset with Detailed Annotations\dataset(v2)\dataset\test-set\2\2022-06-27 06-45-31-153.jpg,3
E:\MAJOR PROJECT\Dataset\Dataset 0\road_classification\Road Surface Image Dataset with Detailed Annotations\dataset(v2)\dataset\test-set\2\2022-06-27 06-45-31-154.jpg,3
E:\MAJOR PROJECT\Dataset\Dataset 0\road_classification\Road Surface Image Dataset with Detailed Annotations\dataset(v2)\dataset\test-set\2\2022-06-27 06-45-32-155.jpg,3
E:\MAJOR PROJECT\Dataset\Dataset 0\road_classification\Road Surface Image Dataset with Detailed Annotations\dataset(v2)\dataset\test-set\2\2022-06-27 06-45-32-156.jpg,3
E:\MAJOR PROJECT\Dataset\Dataset 0\road_classification\Road Surface Image Dataset with Detailed Annotations\dataset(v2)\dataset\test-set\2\2022-06-27 06-45-32-157.jpg,3
E:\MAJOR PROJECT\Dataset\Dataset 0\road_classification\Road Surface Image Dataset with Detailed Annotations\dataset(v2)\dataset\test-set\2\2022-06-27 06-45-33-158.jpg,3
E:\MAJOR PROJECT\Dataset\Dataset 0\road_classification\Road Surface Image Dataset with Detailed Annotations\dataset(v2)\dataset\test-set\2\2022-06-27 06-45-33-159.jpg,3
E:\MAJOR PROJECT\Dataset\Dataset 0\road_classification\Road Surface Image Dataset with Detailed Annotations\dataset(v2)\dataset\test-set\3\2022-06-27 07-19-50-328.jpg,3
E:\MAJOR PROJECT\Dataset\Dataset 0\road_classification\Road Surface Image Dataset with Detailed Annotations\dataset(v2)\dataset\test-set\3\2022-06-27 07-19-50-329.jpg,3
E:\MAJOR PROJECT\Dataset\Dataset 0\road_classification\Road Surface Image Dataset with Detailed Annotations\dataset(v2)\dataset\test-set\3\2022-06-27 07-19-50-330.jpg,3
E:\MAJOR PROJECT\Dataset\Dataset 0\road_classification\Road Surface Image Dataset with Detailed Annotations\dataset(v2)\dataset\test-set\3\2022-06-27 07-19-51-331.jpg,3
E:\MAJOR PROJECT\Dataset\Dataset 0\road_classification\Road Surface Image Dataset with Detailed Annotations\dataset(v2)\dataset\test-set\3\2022-06-27 07-19-51-332.jpg,3
E:\MAJOR PROJECT\Dataset\Dataset 0\road_classification\Road Surface Image Dataset with Detailed Annotations\dataset(v2)\dataset\test-set\3\2022-06-27 07-19-51-333.jpg,3
E:\MAJOR PROJECT\Dataset\Dataset 0\road_classification\Road Surface Image Dataset with Detailed Annotations\dataset(v2)\dataset\test-set\3\2022-06-27 07-19-52-334.jpg,3
E:\MAJOR PROJECT\Dataset\Dataset 0\road_classification\Road Surface Image Dataset with Detailed Annotations\dataset(v2)\dataset\test-set\3\2022-06-27 07-19-52-335.jpg,3
E:\MAJOR PROJECT\Dataset\Dataset 0\road_classification\Road Surface Image Dataset with Detailed Annotations\dataset(v2)\dataset\test-set\3\2022-06-27 07-19-52-336.jpg,3
E:\MAJOR PROJECT\Dataset\Dataset 0\road_classification\Road Surface Image Dataset with Detailed Annotations\dataset(v2)\dataset\test-set\3\2022-06-27 07-19-53-337.jpg,3
E:\MAJOR PROJECT\Dataset\Dataset 0\road_classification\Road Surface Image Dataset with Detailed Annotations\dataset(v2)\dataset\test-set\3\2022-06-27 07-19-53-338.jpg,3
E:\MAJOR PROJECT\Dataset\Dataset 0\road_classification\Road Surface Image Dataset with Detailed Annotations\dataset(v2)\dataset\test-set\3\2022-06-27 07-19-53-339.jpg,3
E:\MAJOR PROJECT\Dataset\Dataset 0\road_classification\Road Surface Image Dataset with Detailed Annotations\dataset(v2)\dataset\test-set\3\2022-06-27 07-19-53-340.jpg,3
E:\MAJOR PROJECT\Dataset\Dataset 0\road_classification\Road Surface Image Dataset with Detailed Annotations\dataset(v2)\dataset\test-set\3\2022-06-27 07-19-54-341.jpg,3
E:\MAJOR PROJECT\Dataset\Dataset 0\road_classification\Road Surface Image Dataset with Detailed Annotations\dataset(v2)\dataset\test-set\3\2022-06-27 07-19-54-342.jpg,3
E:\MAJOR PROJECT\Dataset\Dataset 0\road_classification\Road Surface Image Dataset with Detailed Annotations\dataset(v2)\dataset\test-set\3\2022-06-27 07-19-54-343.jpg,3
E:\MAJOR PROJECT\Dataset\Dataset 0\road_classification\Road Surface Image Dataset with Detailed Annotations\dataset(v2)\dataset\test-set\3\2022-06-27 07-19-55-344.jpg,3
E:\MAJOR PROJECT\Dataset\Dataset 0\road_classification\Road Surface Image Dataset with Detailed Annotations\dataset(v2)\dataset\test-set\3\2022-06-27 07-19-55-345.jpg,3
E:\MAJOR PROJECT\Dataset\Dataset 0\road_classification\Road Surface Image Dataset with Detailed Annotations\dataset(v2)\dataset\test-set\3\2022-06-27 07-19-55-346.jpg,3
E:\MAJOR PROJECT\Dataset\Dataset 0\road_classification\Road Surface Image Dataset with Detailed Annotations\dataset(v2)\dataset\test-set\3\2022-06-27 07-19-55-347.jpg,3
E:\MAJOR PROJECT\Dataset\Dataset 0\road_classification\Road Surface Image Dataset with Detailed Annotations\dataset(v2)\dataset\test-set\3\2022-06-27 07-19-56-348.jpg,3
E:\MAJOR PROJECT\Dataset\Dataset 0\road_classification\Road Surface Image Dataset with Detailed Annotations\dataset(v2)\dataset\test-set\3\2022-06-27 07-19-56-349.jpg,3
E:\MAJOR PROJECT\Dataset\Dataset 0\road_classification\Road Surface Image Dataset with Detailed Annotations\dataset(v2)\dataset\test-set\3\2022-06-27 07-19-56-350.jpg,3
E:\MAJOR PROJECT\Dataset\Dataset 0\road_classification\Road Surface Image Dataset with Detailed Annotations\dataset(v2)\dataset\test-set\3\2022-06-27 07-19-57-351.jpg,3
E:\MAJOR PROJECT\Dataset\Dataset 0\road_classification\Road Surface Image Dataset with Detailed Annotations\dataset(v2)\dataset\test-set\3\2022-06-27 07-19-57-352.jpg,3
E:\MAJOR PROJECT\Dataset\Dataset 0\road_classification\Road Surface Image Dataset with Detailed Annotations\dataset(v2)\dataset\test-set\3\2022-06-27 07-19-57-353.jpg,3
E:\MAJOR PROJECT\Dataset\Dataset 0\road_classification\Road Surface Image Dataset with Detailed Annotations\dataset(v2)\dataset\test-set\3\2022-06-27 07-19-57-354.jpg,3
E:\MAJOR PROJECT\Dataset\Dataset 0\road_classification\Road Surface Image Dataset with Detailed Annotations\dataset(v2)\dataset\test-set\3\2022-06-27 07-19-58-355.jpg,3
E:\MAJOR PROJECT\Dataset\Dataset 0\road_classification\Road Surface Image Dataset with Detailed Annotations\dataset(v2)\dataset\test-set\3\2022-06-27 07-19-58-356.jpg,3
E:\MAJOR PROJECT\Dataset\Dataset 0\road_classification\Road Surface Image Dataset with Detailed Annotations\dataset(v2)\dataset\test-set\3\2022-06-27 07-19-58-357.jpg,1
E:\MAJOR PROJECT\Dataset\Dataset 0\road_classification\Road Surface Image Dataset with Detailed Annotations\dataset(v2)\dataset\test-set\4\2022-06-15 09-54-23-10613.jpg,1
E:\MAJOR PROJECT\Dataset\Dataset 0\road_classification\Road Surface Image Dataset with Detailed Annotations\dataset(v2)\dataset\test-set\4\2022-06-15 09-54-24-10617.jpg,1
E:\MAJOR PROJECT\Dataset\Dataset 0\road_classification\Road Surface Image Dataset with Detailed Annotations\dataset(v2)\dataset\test-set\4\2022-06-15 09-54-24-10621.jpg,1
E:\MAJOR PROJECT\Dataset\Dataset 0\road_classification\Road Surface Image Dataset with Detailed Annotations\dataset(v2)\dataset\test-set\4\2022-06-15 09-54-24-10625.jpg,1
E:\MAJOR PROJECT\Dataset\Dataset 0\road_classification\Road Surface Image Dataset with Detailed Annotations\dataset(v2)\dataset\test-set\4\2022-06-15 09-54-24-10629.jpg,1
E:\MAJOR PROJECT\Dataset\Dataset 0\road_classification\Road Surface Image Dataset with Detailed Annotations\dataset(v2)\dataset\test-set\4\2022-06-15 09-54-25-10633.jpg,1
E:\MAJOR PROJECT\Dataset\Dataset 0\road_classification\Road Surface Image Dataset with Detailed Annotations\dataset(v2)\dataset\test-set\4\2022-06-15 09-54-25-10637.jpg,1
E:\MAJOR PROJECT\Dataset\Dataset 0\road_classification\Road Surface Image Dataset with Detailed Annotations\dataset(v2)\dataset\test-set\4\2022-06-15 09-54-25-10641.jpg,1
E:\MAJOR PROJECT\Dataset\Dataset 0\road_classification\Road Surface Image Dataset with Detailed Annotations\dataset(v2)\dataset\test-set\4\2022-06-15 09-54-26-10645.jpg,1
E:\MAJOR PROJECT\Dataset\Dataset 0\road_classification\Road Surface Image Dataset with Detailed Annotations\dataset(v2)\dataset\test-set\4\2022-06-15 09-54-26-10649.jpg,1
E:\MAJOR PROJECT\Dataset\Dataset 0\road_classification\Road Surface Image Dataset with Detailed Annotations\dataset(v2)\dataset\test-set\4\2022-06-15 09-54-26-10653.jpg,1
E:\MAJOR PROJECT\Dataset\Dataset 0\road_classification\Road Surface Image Dataset with Detailed Annotations\dataset(v2)\dataset\test-set\4\2022-06-15 09-54-26-10657.jpg,2
E:\MAJOR PROJECT\Dataset\Dataset 0\road_classification\Road Surface Image Dataset with Detailed Annotations\dataset(v2)\dataset\test-set\4\2022-06-15 09-54-27-10661.jpg,2
E:\MAJOR PROJECT\Dataset\Dataset 0\road_classification\Road Surface Image Dataset with Detailed Annotations\dataset(v2)\dataset\test-set\4\2022-06-15 09-54-27-10665.jpg,2
E:\MAJOR PROJECT\Dataset\Dataset 0\road_classification\Road Surface Image Dataset with Detailed Annotations\dataset(v2)\dataset\test-set\4\2022-06-15 09-54-27-10669.jpg,2
E:\MAJOR PROJECT\Dataset\Dataset 0\road_classification\Road Surface Image Dataset with Detailed Annotations\dataset(v2)\dataset\test-set\4\2022-06-15 09-54-27-10673.jpg,2
E:\MAJOR PROJECT\Dataset\Dataset 0\road_classification\Road Surface Image Dataset with Detailed Annotations\dataset(v2)\dataset\test-set\4\2022-06-15 09-54-28-10677.jpg,2
E:\MAJOR PROJECT\Dataset\Dataset 0\road_classification\Road Surface Image Dataset with Detailed Annotations\dataset(v2)\dataset\test-set\4\2022-06-15 09-54-28-10681.jpg,2
E:\MAJOR PROJECT\Dataset\Dataset 0\road_classification\Road Surface Image Dataset with Detailed Annotations\dataset(v2)\dataset\test-set\4\2022-06-15 09-54-28-10685.jpg,2
E:\MAJOR PROJECT\Dataset\Dataset 0\road_classification\Road Surface Image Dataset with Detailed Annotations\dataset(v2)\dataset\test-set\4\2022-06-15 09-54-28-10689.jpg,2
E:\MAJOR PROJECT\Dataset\Dataset 0\road_classification\Road Surface Image Dataset with Detailed Annotations\dataset(v2)\dataset\test-set\4\2022-06-15 09-54-29-10693.jpg,2
E:\MAJOR PROJECT\Dataset\Dataset 0\road_classification\Road Surface Image Dataset with Detailed Annotations\dataset(v2)\dataset\test-set\4\2022-06-15 09-54-29-10697.jpg,2
E:\MAJOR PROJECT\Dataset\Dataset 0\road_classification\Road Surface Image Dataset with Detailed Annotations\dataset(v2)\dataset\test-set\4\2022-06-15 09-54-29-10701.jpg,1
E:\MAJOR PROJECT\Dataset\Dataset 0\road_classification\Road Surface Image Dataset with Detailed Annotations\dataset(v2)\dataset\test-set\4\2022-06-15 09-54-30-10705.jpg,1
E:\MAJOR PROJECT\Dataset\Dataset 0\road_classification\Road Surface Image Dataset with Detailed Annotations\dataset(v2)\dataset\test-set\4\2022-06-15 09-54-30-10709.jpg,1
E:\MAJOR PROJECT\Dataset\Dataset 0\road_classification\Road Surface Image Dataset with Detailed Annotations\dataset(v2)\dataset\test-set\4\2022-06-15 09-54-30-10713.jpg,1
E:\MAJOR PROJECT\Dataset\Dataset 0\road_classification\Road Surface Image Dataset with Detailed Annotations\dataset(v2)\dataset\test-set\4\2022-06-15 09-54-30-10717.jpg,1
E:\MAJOR PROJECT\Dataset\Dataset 0\road_classification\Road Surface Image Dataset with Detailed Annotations\dataset(v2)\dataset\test-set\4\2022-06-15 09-54-31-10721.jpg,1
E:\MAJOR PROJECT\Dataset\Dataset 0\road_classification\Road Surface Image Dataset with Detailed Annotations\dataset(v2)\dataset\test-set\4\2022-06-15 09-54-31-10725.jpg,1
E:\MAJOR PROJECT\Dataset\Dataset 0\road_classification\Road Surface Image Dataset with Detailed Annotations\dataset(v2)\dataset\test-set\4\2022-06-15 09-54-31-10729.jpg,1
E:\MAJOR PROJECT\Dataset\Dataset 0\road_classification\Road Surface Image Dataset with Detailed Annotations\dataset(v2)\dataset\test-set\5\2022-06-15 09-53-44-10064.jpg,1
E:\MAJOR PROJECT\Dataset\Dataset 0\road_classification\Road Surface Image Dataset with Detailed Annotations\dataset(v2)\dataset\test-set\5\2022-06-15 09-53-44-10068.jpg,1
E:\MAJOR PROJECT\Dataset\Dataset 0\road_classification\Road Surface Image Dataset with Detailed Annotations\dataset(v2)\dataset\test-set\5\2022-06-15 09-53-44-10072.jpg,1
E:\MAJOR PROJECT\Dataset\Dataset 0\road_classification\Road Surface Image Dataset with Detailed Annotations\dataset(v2)\dataset\test-set\5\2022-06-15 09-53-44-10076.jpg,1
E:\MAJOR PROJECT\Dataset\Dataset 0\road_classification\Road Surface Image Dataset with Detailed Annotations\dataset(v2)\dataset\test-set\5\2022-06-15 09-53-45-10080.jpg,1
E:\MAJOR PROJECT\Dataset\Dataset 0\road_classification\Road Surface Image Dataset with Detailed Annotations\dataset(v2)\dataset\test-set\5\2022-06-15 09-53-45-10084.jpg,1
E:\MAJOR PROJECT\Dataset\Dataset 0\road_classification\Road Surface Image Dataset with Detailed Annotations\dataset(v2)\dataset\test-set\5\2022-06-15 09-53-45-10088.jpg,1
E:\MAJOR PROJECT\Dataset\Dataset 0\road_classification\Road Surface Image Dataset with Detailed Annotations\dataset(v2)\dataset\test-set\5\2022-06-15 09-53-46-10092.jpg,1
E:\MAJOR PROJECT\Dataset\Dataset 0\road_classification\Road Surface Image Dataset with Detailed Annotations\dataset(v2)\dataset\test-set\5\2022-06-15 09-53-46-10096.jpg,1
E:\MAJOR PROJECT\Dataset\Dataset 0\road_classification\Road Surface Image Dataset with Detailed Annotations\dataset(v2)\dataset\test-set\5\2022-06-15 09-53-46-10100.jpg,1
E:\MAJOR PROJECT\Dataset\Dataset 0\road_classification\Road Surface Image Dataset with Detailed Annotations\dataset(v2)\dataset\test-set\5\2022-06-15 09-53-47-10104.jpg,1
E:\MAJOR PROJECT\Dataset\Dataset 0\road_classification\Road Surface Image Dataset with Detailed Annotations\dataset(v2)\dataset\test-set\5\2022-06-15 09-53-47-10108.jpg,1
E:\MAJOR PROJECT\Dataset\Dataset 0\road_classification\Road Surface Image Dataset with Detailed Annotations\dataset(v2)\dataset\test-set\5\2022-06-15 09-53-47-10112.jpg,1
E:\MAJOR PROJECT\Dataset\Dataset 0\road_classification\Road Surface Image Dataset with Detailed Annotations\dataset(v2)\dataset\test-set\5\2022-06-15 09-53-47-10116.jpg,1
E:\MAJOR PROJECT\Dataset\Dataset 0\road_classification\Road Surface Image Dataset with Detailed Annotations\dataset(v2)\dataset\test-set\5\2022-06-15 09-53-48-10120.jpg,1
E:\MAJOR PROJECT\Dataset\Dataset 0\road_classification\Road Surface Image Dataset with Detailed Annotations\dataset(v2)\dataset\test-set\5\2022-06-15 09-53-48-10124.jpg,1
E:\MAJOR PROJECT\Dataset\Dataset 0\road_classification\Road Surface Image Dataset with Detailed Annotations\dataset(v2)\dataset\test-set\5\2022-06-15 09-53-48-10128.jpg,1
E:\MAJOR PROJECT\Dataset\Dataset 0\road_classification\Road Surface Image Dataset with Detailed Annotations\dataset(v2)\dataset\test-set\5\2022-06-15 09-53-48-10132.jpg,1
E:\MAJOR PROJECT\Dataset\Dataset 0\road_classification\Road Surface Image Dataset with Detailed Annotations\dataset(v2)\dataset\test-set\5\2022-06-15 09-53-49-10136.jpg,1
E:\MAJOR PROJECT\Dataset\Dataset 0\road_classification\Road Surface Image Dataset with Detailed Annotations\dataset(v2)\dataset\test-set\5\2022-06-15 09-53-49-10140.jpg,1
E:\MAJOR PROJECT\Dataset\Dataset 0\road_classification\Road Surface Image Dataset with Detailed Annotations\dataset(v2)\dataset\test-set\5\2022-06-15 09-53-49-10144.jpg,1
E:\MAJOR PROJECT\Dataset\Dataset 0\road_classification\Road Surface Image Dataset with Detailed Annotations\dataset(v2)\dataset\test-set\5\2022-06-15 09-53-50-10148.jpg,1
E:\MAJOR PROJECT\Dataset\Dataset 0\road_classification\Road Surface Image Dataset with Detailed Annotations\dataset(v2)\dataset\test-set\5\2022-06-15 09-53-50-10152.jpg,1
E:\MAJOR PROJECT\Dataset\Dataset 0\road_classification\Road Surface Image Dataset with Detailed Annotations\dataset(v2)\dataset\test-set\5\2022-06-15 09-53-50-10156.jpg,1
E:\MAJOR PROJECT\Dataset\Dataset 0\road_classification\Road Surface Image Dataset with Detailed Annotations\dataset(v2)\dataset\test-set\5\2022-06-15 09-53-51-10160.jpg,1
E:\MAJOR PROJECT\Dataset\Dataset 0\road_classification\Road Surface Image Dataset with Detailed Annotations\dataset(v2)\dataset\test-set\5\2022-06-15 09-53-51-10164.jpg,1
E:\MAJOR PROJECT\Dataset\Dataset 0\road_classification\Road Surface Image Dataset with Detailed Annotations\dataset(v2)\dataset\test-set\5\2022-06-15 09-53-51-10168.jpg,1
E:\MAJOR PROJECT\Dataset\Dataset 0\road_classification\Road Surface Image Dataset with Detailed Annotations\dataset(v2)\dataset\test-set\5\2022-06-15 09-53-51-10172.jpg,1
E:\MAJOR PROJECT\Dataset\Dataset 0\road_classification\Road Surface Image Dataset with Detailed Annotations\dataset(v2)\dataset\test-set\5\2022-06-15 09-53-52-10176.jpg,1
E:\MAJOR PROJECT\Dataset\Dataset 0\road_classification\Road Surface Image Dataset with Detailed Annotations\dataset(v2)\dataset\test-set\5\2022-06-15 09-53-52-10180.jpg,1
E:\MAJOR PROJECT\Dataset\Dataset 0\road_classification\Road Surface Image Dataset with Detailed Annotations\dataset(v2)\dataset\test-set\6\2022-07-05 15-58-38-68.jpg,3
E:\MAJOR PROJECT\Dataset\Dataset 0\road_classification\Road Surface Image Dataset with Detailed Annotations\dataset(v2)\dataset\test-set\6\2022-07-05 15-58-38-69.jpg,2
E:\MAJOR PROJECT\Dataset\Dataset 0\road_classification\Road Surface Image Dataset with Detailed Annotations\dataset(v2)\dataset\test-set\6\2022-07-05 15-58-38-70.jpg,3
E:\MAJOR PROJECT\Dataset\Dataset 0\road_classification\Road Surface Image Dataset with Detailed Annotations\dataset(v2)\dataset\test-set\6\2022-07-05 15-58-38-71.jpg,2
E:\MAJOR PROJECT\Dataset\Dataset 0\road_classification\Road Surface Image Dataset with Detailed Annotations\dataset(v2)\dataset\test-set\6\2022-07-05 15-58-39-72.jpg,3
E:\MAJOR PROJECT\Dataset\Dataset 0\road_classification\Road Surface Image Dataset with Detailed Annotations\dataset(v2)\dataset\test-set\6\2022-07-05 15-58-39-73.jpg,3
E:\MAJOR PROJECT\Dataset\Dataset 0\road_classification\Road Surface Image Dataset with Detailed Annotations\dataset(v2)\dataset\test-set\6\2022-07-05 15-58-39-74.jpg,3
E:\MAJOR PROJECT\Dataset\Dataset 0\road_classification\Road Surface Image Dataset with Detailed Annotations\dataset(v2)\dataset\test-set\6\2022-07-05 15-58-40-75.jpg,3
E:\MAJOR PROJECT\Dataset\Dataset 0\road_classification\Road Surface Image Dataset with Detailed Annotations\dataset(v2)\dataset\test-set\6\2022-07-05 15-58-40-76.jpg,3
E:\MAJOR PROJECT\Dataset\Dataset 0\road_classification\Road Surface Image Dataset with Detailed Annotations\dataset(v2)\dataset\test-set\6\2022-07-05 15-58-40-77.jpg,3
E:\MAJOR PROJECT\Dataset\Dataset 0\road_classification\Road Surface Image Dataset with Detailed Annotations\dataset(v2)\dataset\test-set\6\2022-07-05 15-58-41-78.jpg,3
E:\MAJOR PROJECT\Dataset\Dataset 0\road_classification\Road Surface Image Dataset with Detailed Annotations\dataset(v2)\dataset\test-set\6\2022-07-05 15-58-41-79.jpg,3
E:\MAJOR PROJECT\Dataset\Dataset 0\road_classification\Road Surface Image Dataset with Detailed Annotations\dataset(v2)\dataset\test-set\6\2022-07-05 15-58-41-80.jpg,3
E:\MAJOR PROJECT\Dataset\Dataset 0\road_classification\Road Surface Image Dataset with Detailed Annotations\dataset(v2)\dataset\test-set\6\2022-07-05 15-58-41-81.jpg,3
E:\MAJOR PROJECT\Dataset\Dataset 0\road_classification\Road Surface Image Dataset with Detailed Annotations\dataset(v2)\dataset\test-set\6\2022-07-05 15-58-42-82.jpg,3
E:\MAJOR PROJECT\Dataset\Dataset 0\road_classification\Road Surface Image Dataset with Detailed Annotations\dataset(v2)\dataset\test-set\6\2022-07-05 15-58-42-83.jpg,3
E:\MAJOR PROJECT\Dataset\Dataset 0\road_classification\Road Surface Image Dataset with Detailed Annotations\dataset(v2)\dataset\test-set\6\2022-07-05 15-58-42-84.jpg,3
E:\MAJOR PROJECT\Dataset\Dataset 0\road_classification\Road Surface Image Dataset with Detailed Annotations\dataset(v2)\dataset\test-set\6\2022-07-05 15-58-42-85.jpg,3
E:\MAJOR PROJECT\Dataset\Dataset 0\road_classification\Road Surface Image Dataset with Detailed Annotations\dataset(v2)\dataset\test-set\6\2022-07-05 15-58-43-86.jpg,3
E:\MAJOR PROJECT\Dataset\Dataset 0\road_classification\Road Surface Image Dataset with Detailed Annotations\dataset(v2)\dataset\test-set\6\2022-07-05 15-58-43-87.jpg,3
E:\MAJOR PROJECT\Dataset\Dataset 0\road_classification\Road Surface Image Dataset with Detailed Annotations\dataset(v2)\dataset\test-set\6\2022-07-05 15-58-43-88.jpg,3
E:\MAJOR PROJECT\Dataset\Dataset 0\road_classification\Road Surface Image Dataset with Detailed Annotations\dataset(v2)\dataset\test-set\6\2022-07-05 15-58-43-89.jpg,3
E:\MAJOR PROJECT\Dataset\Dataset 0\road_classification\Road Surface Image Dataset with Detailed Annotations\dataset(v2)\dataset\test-set\6\2022-07-05 15-58-44-90.jpg,3
E:\MAJOR PROJECT\Dataset\Dataset 0\road_classification\Road Surface Image Dataset with Detailed Annotations\dataset(v2)\dataset\test-set\6\2022-07-05 15-58-44-91.jpg,3
E:\MAJOR PROJECT\Dataset\Dataset 0\road_classification\Road Surface Image Dataset with Detailed Annotations\dataset(v2)\dataset\test-set\6\2022-07-05 15-58-44-92.jpg,3
E:\MAJOR PROJECT\Dataset\Dataset 0\road_classification\Road Surface Image Dataset with Detailed Annotations\dataset(v2)\dataset\test-set\6\2022-07-05 15-58-44-93.jpg,3
E:\MAJOR PROJECT\Dataset\Dataset 0\road_classification\Road Surface Image Dataset with Detailed Annotations\dataset(v2)\dataset\test-set\6\2022-07-05 15-58-45-94.jpg,3
E:\MAJOR PROJECT\Dataset\Dataset 0\road_classification\Road Surface Image Dataset with Detailed Annotations\dataset(v2)\dataset\test-set\6\2022-07-05 15-58-45-95.jpg,3
E:\MAJOR PROJECT\Dataset\Dataset 0\road_classification\Road Surface Image Dataset with Detailed Annotations\dataset(v2)\dataset\test-set\6\2022-07-05 15-58-45-96.jpg,3
E:\MAJOR PROJECT\Dataset\Dataset 0\road_classification\Road Surface Image Dataset with Detailed Annotations\dataset(v2)\dataset\test-set\6\2022-07-05 15-58-46-97.jpg,3
E:\MAJOR PROJECT\Dataset\Dataset 0\road_classification\Road Surface Image Dataset with Detailed Annotations\dataset(v2)\dataset\test-set\7\2022-07-05 16-15-44-430.jpg,3
E:\MAJOR PROJECT\Dataset\Dataset 0\road_classification\Road Surface Image Dataset with Detailed Annotations\dataset(v2)\dataset\test-set\7\2022-07-05 16-15-44-431.jpg,3
E:\MAJOR PROJECT\Dataset\Dataset 0\road_classification\Road Surface Image Dataset with Detailed Annotations\dataset(v2)\dataset\test-set\7\2022-07-05 16-15-45-432.jpg,3
E:\MAJOR PROJECT\Dataset\Dataset 0\road_classification\Road Surface Image Dataset with Detailed Annotations\dataset(v2)\dataset\test-set\7\2022-07-05 16-15-45-433.jpg,3
E:\MAJOR PROJECT\Dataset\Dataset 0\road_classification\Road Surface Image Dataset with Detailed Annotations\dataset(v2)\dataset\test-set\7\2022-07-05 16-15-45-434.jpg,3
E:\MAJOR PROJECT\Dataset\Dataset 0\road_classification\Road Surface Image Dataset with Detailed Annotations\dataset(v2)\dataset\test-set\7\2022-07-05 16-15-45-435.jpg,3
E:\MAJOR PROJECT\Dataset\Dataset 0\road_classification\Road Surface Image Dataset with Detailed Annotations\dataset(v2)\dataset\test-set\7\2022-07-05 16-15-46-436.jpg,3
E:\MAJOR PROJECT\Dataset\Dataset 0\road_classification\Road Surface Image Dataset with Detailed Annotations\dataset(v2)\dataset\test-set\7\2022-07-05 16-15-46-437.jpg,3
E:\MAJOR PROJECT\Dataset\Dataset 0\road_classification\Road Surface Image Dataset with Detailed Annotations\dataset(v2)\dataset\test-set\7\2022-07-05 16-15-46-438.jpg,3
E:\MAJOR PROJECT\Dataset\Dataset 0\road_classification\Road Surface Image Dataset with Detailed Annotations\dataset(v2)\dataset\test-set\7\2022-07-05 16-15-46-439.jpg,3
E:\MAJOR PROJECT\Dataset\Dataset 0\road_classification\Road Surface Image Dataset with Detailed Annotations\dataset(v2)\dataset\test-set\7\2022-07-05 16-15-47-440.jpg,3
E:\MAJOR PROJECT\Dataset\Dataset 0\road_classification\Road Surface Image Dataset with Detailed Annotations\dataset(v2)\dataset\test-set\7\2022-07-05 16-15-47-441.jpg,3
E:\MAJOR PROJECT\Dataset\Dataset 0\road_classification\Road Surface Image Dataset with Detailed Annotations\dataset(v2)\dataset\test-set\7\2022-07-05 16-15-47-442.jpg,3
E:\MAJOR PROJECT\Dataset\Dataset 0\road_classification\Road Surface Image Dataset with Detailed Annotations\dataset(v2)\dataset\test-set\7\2022-07-05 16-15-47-443.jpg,3
E:\MAJOR PROJECT\Dataset\Dataset 0\road_classification\Road Surface Image Dataset with Detailed Annotations\dataset(v2)\dataset\test-set\7\2022-07-05 16-15-48-444.jpg,3
E:\MAJOR PROJECT\Dataset\Dataset 0\road_classification\Road Surface Image Dataset with Detailed Annotations\dataset(v2)\dataset\test-set\7\2022-07-05 16-15-48-445.jpg,3
E:\MAJOR PROJECT\Dataset\Dataset 0\road_classification\Road Surface Image Dataset with Detailed Annotations\dataset(v2)\dataset\test-set\7\2022-07-05 16-15-48-446.jpg,3
E:\MAJOR PROJECT\Dataset\Dataset 0\road_classification\Road Surface Image Dataset with Detailed Annotations\dataset(v2)\dataset\test-set\7\2022-07-05 16-15-48-447.jpg,3
E:\MAJOR PROJECT\Dataset\Dataset 0\road_classification\Road Surface Image Dataset with Detailed Annotations\dataset(v2)\dataset\test-set\7\2022-07-05 16-15-49-448.jpg,3
E:\MAJOR PROJECT\Dataset\Dataset 0\road_classification\Road Surface Image Dataset with Detailed Annotations\dataset(v2)\dataset\test-set\7\2022-07-05 16-15-49-449.jpg,3
E:\MAJOR PROJECT\Dataset\Dataset 0\road_classification\Road Surface Image Dataset with Detailed Annotations\dataset(v2)\dataset\test-set\7\2022-07-05 16-15-49-450.jpg,3
E:\MAJOR PROJECT\Dataset\Dataset 0\road_classification\Road Surface Image Dataset with Detailed Annotations\dataset(v2)\dataset\test-set\7\2022-07-05 16-15-49-451.jpg,3
E:\MAJOR PROJECT\Dataset\Dataset 0\road_classification\Road Surface Image Dataset with Detailed Annotations\dataset(v2)\dataset\test-set\7\2022-07-05 16-15-50-452.jpg,3
E:\MAJOR PROJECT\Dataset\Dataset 0\road_classification\Road Surface Image Dataset with Detailed Annotations\dataset(v2)\dataset\test-set\7\2022-07-05 16-15-50-453.jpg,3
E:\MAJOR PROJECT\Dataset\Dataset 0\road_classification\Road Surface Image Dataset with Detailed Annotations\dataset(v2)\dataset\test-set\7\2022-07-05 16-15-50-454.jpg,3
E:\MAJOR PROJECT\Dataset\Dataset 0\road_classification\Road Surface Image Dataset with Detailed Annotations\dataset(v2)\dataset\test-set\7\2022-07-05 16-15-50-455.jpg,3
E:\MAJOR PROJECT\Dataset\Dataset 0\road_classification\Road Surface Image Dataset with Detailed Annotations\dataset(v2)\dataset\test-set\7\2022-07-05 16-15-51-456.jpg,3
E:\MAJOR PROJECT\Dataset\Dataset 0\road_classification\Road Surface Image Dataset with Detailed Annotations\dataset(v2)\dataset\test-set\7\2022-07-05 16-15-51-457.jpg,3
E:\MAJOR PROJECT\Dataset\Dataset 0\road_classification\Road Surface Image Dataset with Detailed Annotations\dataset(v2)\dataset\test-set\7\2022-07-05 16-15-51-458.jpg,3
E:\MAJOR PROJECT\Dataset\Dataset 0\road_classification\Road Surface Image Dataset with Detailed Annotations\dataset(v2)\dataset\test-set\7\2022-07-05 16-15-51-459.jpg,3
E:\MAJOR PROJECT\Dataset\Dataset 0\road_classification\Road Surface Image Dataset with Detailed Annotations\dataset(v2)\dataset\test-set\8\2022-07-05 16-22-29-615.jpg,3
E:\MAJOR PROJECT\Dataset\Dataset 0\road_classification\Road Surface Image Dataset with Detailed Annotations\dataset(v2)\dataset\test-set\8\2022-07-05 16-22-29-617.jpg,3
E:\MAJOR PROJECT\Dataset\Dataset 0\road_classification\Road Surface Image Dataset with Detailed Annotations\dataset(v2)\dataset\test-set\8\2022-07-05 16-22-30-619.jpg,3
E:\MAJOR PROJECT\Dataset\Dataset 0\road_classification\Road Surface Image Dataset with Detailed Annotations\dataset(v2)\dataset\test-set\8\2022-07-05 16-22-30-621.jpg,3
E:\MAJOR PROJECT\Dataset\Dataset 0\road_classification\Road Surface Image Dataset with Detailed Annotations\dataset(v2)\dataset\test-set\8\2022-07-05 16-22-31-623.jpg,3
E:\MAJOR PROJECT\Dataset\Dataset 0\road_classification\Road Surface Image Dataset with Detailed Annotations\dataset(v2)\dataset\test-set\8\2022-07-05 16-22-31-625.jpg,3
E:\MAJOR PROJECT\Dataset\Dataset 0\road_classification\Road Surface Image Dataset with Detailed Annotations\dataset(v2)\dataset\test-set\8\2022-07-05 16-22-32-627.jpg,3
E:\MAJOR PROJECT\Dataset\Dataset 0\road_classification\Road Surface Image Dataset with Detailed Annotations\dataset(v2)\dataset\test-set\8\2022-07-05 16-22-32-629.jpg,3
E:\MAJOR PROJECT\Dataset\Dataset 0\road_classification\Road Surface Image Dataset with Detailed Annotations\dataset(v2)\dataset\test-set\8\2022-07-05 16-22-33-631.jpg,3
E:\MAJOR PROJECT\Dataset\Dataset 0\road_classification\Road Surface Image Dataset with Detailed Annotations\dataset(v2)\dataset\test-set\8\2022-07-05 16-22-33-633.jpg,3
E:\MAJOR PROJECT\Dataset\Dataset 0\road_classification\Road Surface Image Dataset with Detailed Annotations\dataset(v2)\dataset\test-set\8\2022-07-05 16-22-34-635.jpg,3
E:\MAJOR PROJECT\Dataset\Dataset 0\road_classification\Road Surface Image Dataset with Detailed Annotations\dataset(v2)\dataset\test-set\8\2022-07-05 16-22-34-637.jpg,3
E:\MAJOR PROJECT\Dataset\Dataset 0\road_classification\Road Surface Image Dataset with Detailed Annotations\dataset(v2)\dataset\test-set\8\2022-07-05 16-22-35-639.jpg,3
E:\MAJOR PROJECT\Dataset\Dataset 0\road_classification\Road Surface Image Dataset with Detailed Annotations\dataset(v2)\dataset\test-set\8\2022-07-05 16-22-35-641.jpg,3
E:\MAJOR PROJECT\Dataset\Dataset 0\road_classification\Road Surface Image Dataset with Detailed Annotations\dataset(v2)\dataset\test-set\8\2022-07-05 16-22-36-643.jpg,3
E:\MAJOR PROJECT\Dataset\Dataset 0\road_classification\Road Surface Image Dataset with Detailed Annotations\dataset(v2)\dataset\test-set\8\2022-07-05 16-22-36-645.jpg,3
E:\MAJOR PROJECT\Dataset\Dataset 0\road_classification\Road Surface Image Dataset with Detailed Annotations\dataset(v2)\dataset\test-set\8\2022-07-05 16-22-37-647.jpg,3
E:\MAJOR PROJECT\Dataset\Dataset 0\road_classification\Road Surface Image Dataset with Detailed Annotations\dataset(v2)\dataset\test-set\8\2022-07-05 16-22-37-649.jpg,3
E:\MAJOR PROJECT\Dataset\Dataset 0\road_classification\Road Surface Image Dataset with Detailed Annotations\dataset(v2)\dataset\test-set\8\2022-07-05 16-22-38-651.jpg,3
E:\MAJOR PROJECT\Dataset\Dataset 0\road_classification\Road Surface Image Dataset with Detailed Annotations\dataset(v2)\dataset\test-set\8\2022-07-05 16-22-38-653.jpg,3
E:\MAJOR PROJECT\Dataset\Dataset 0\road_classification\Road Surface Image Dataset with Detailed Annotations\dataset(v2)\dataset\test-set\8\2022-07-05 16-22-39-655.jpg,3
E:\MAJOR PROJECT\Dataset\Dataset 0\road_classification\Road Surface Image Dataset with Detailed Annotations\dataset(v2)\dataset\test-set\8\2022-07-05 16-22-39-657.jpg,3
E:\MAJOR PROJECT\Dataset\Dataset 0\road_classification\Road Surface Image Dataset with Detailed Annotations\dataset(v2)\dataset\test-set\8\2022-07-05 16-22-40-659.jpg,3
E:\MAJOR PROJECT\Dataset\Dataset 0\road_classification\Road Surface Image Dataset with Detailed Annotations\dataset(v2)\dataset\test-set\8\2022-07-05 16-22-40-661.jpg,3
E:\MAJOR PROJECT\Dataset\Dataset 0\road_classification\Road Surface Image Dataset with Detailed Annotations\dataset(v2)\dataset\test-set\8\2022-07-05 16-22-41-663.jpg,3
E:\MAJOR PROJECT\Dataset\Dataset 0\road_classification\Road Surface Image Dataset with Detailed Annotations\dataset(v2)\dataset\test-set\8\2022-07-05 16-22-41-665.jpg,3
E:\MAJOR PROJECT\Dataset\Dataset 0\road_classification\Road Surface Image Dataset with Detailed Annotations\dataset(v2)\dataset\test-set\8\2022-07-05 16-22-43-670.jpg,0
E:\MAJOR PROJECT\Dataset\Dataset 0\road_classification\Road Surface Image Dataset with Detailed Annotations\dataset(v2)\dataset\test-set\8\2022-07-05 16-22-43-672.jpg,0
E:\MAJOR PROJECT\Dataset\Dataset 0\road_classification\Road Surface Image Dataset with Detailed Annotations\dataset(v2)\dataset\test-set\8\2022-07-05 16-22-44-674.jpg,0
E:\MAJOR PROJECT\Dataset\Dataset 0\road_classification\Road Surface Image Dataset with Detailed Annotations\dataset(v2)\dataset\test-set\8\2022-07-05 16-22-44-676.jpg,0
E:\MAJOR PROJECT\Dataset\Dataset 0\road_classification\Road Surface Image Dataset with Detailed Annotations\dataset(v2)\dataset\test-set\9\2022-07-05 16-00-44-550.jpg,3
E:\MAJOR PROJECT\Dataset\Dataset 0\road_classification\Road Surface Image Dataset with Detailed Annotations\dataset(v2)\dataset\test-set\9\2022-07-05 16-00-44-551.jpg,3
E:\MAJOR PROJECT\Dataset\Dataset 0\road_classification\Road Surface Image Dataset with Detailed Annotations\dataset(v2)\dataset\test-set\9\2022-07-05 16-00-44-552.jpg,3
E:\MAJOR PROJECT\Dataset\Dataset 0\road_classification\Road Surface Image Dataset with Detailed Annotations\dataset(v2)\dataset\test-set\9\2022-07-05 16-00-45-554.jpg,3
E:\MAJOR PROJECT\Dataset\Dataset 0\road_classification\Road Surface Image Dataset with Detailed Annotations\dataset(v2)\dataset\test-set\9\2022-07-05 16-00-45-556.jpg,3
E:\MAJOR PROJECT\Dataset\Dataset 0\road_classification\Road Surface Image Dataset with Detailed Annotations\dataset(v2)\dataset\test-set\9\2022-07-05 16-00-46-558.jpg,3
E:\MAJOR PROJECT\Dataset\Dataset 0\road_classification\Road Surface Image Dataset with Detailed Annotations\dataset(v2)\dataset\test-set\9\2022-07-05 16-00-46-560.jpg,3
E:\MAJOR PROJECT\Dataset\Dataset 0\road_classification\Road Surface Image Dataset with Detailed Annotations\dataset(v2)\dataset\test-set\9\2022-07-05 16-00-47-562.jpg,3
E:\MAJOR PROJECT\Dataset\Dataset 0\road_classification\Road Surface Image Dataset with Detailed Annotations\dataset(v2)\dataset\test-set\9\2022-07-05 16-00-47-564.jpg,3
E:\MAJOR PROJECT\Dataset\Dataset 0\road_classification\Road Surface Image Dataset with Detailed Annotations\dataset(v2)\dataset\test-set\9\2022-07-05 16-00-48-566.jpg,3
E:\MAJOR PROJECT\Dataset\Dataset 0\road_classification\Road Surface Image Dataset with Detailed Annotations\dataset(v2)\dataset\test-set\9\2022-07-05 16-00-48-568.jpg,3
E:\MAJOR PROJECT\Dataset\Dataset 0\road_classification\Road Surface Image Dataset with Detailed Annotations\dataset(v2)\dataset\test-set\9\2022-07-05 16-00-49-570.jpg,3
E:\MAJOR PROJECT\Dataset\Dataset 0\road_classification\Road Surface Image Dataset with Detailed Annotations\dataset(v2)\dataset\test-set\9\2022-07-05 16-00-50-572.jpg,3
E:\MAJOR PROJECT\Dataset\Dataset 0\road_classification\Road Surface Image Dataset with Detailed Annotations\dataset(v2)\dataset\test-set\9\2022-07-05 16-00-50-574.jpg,3
E:\MAJOR PROJECT\Dataset\Dataset 0\road_classification\Road Surface Image Dataset with Detailed Annotations\dataset(v2)\dataset\test-set\9\2022-07-05 16-00-51-576.jpg,3
E:\MAJOR PROJECT\Dataset\Dataset 0\road_classification\Road Surface Image Dataset with Detailed Annotations\dataset(v2)\dataset\test-set\9\2022-07-05 16-00-51-578.jpg,3
E:\MAJOR PROJECT\Dataset\Dataset 0\road_classification\Road Surface Image Dataset with Detailed Annotations\dataset(v2)\dataset\test-set\9\2022-07-05 16-00-52-580.jpg,3
E:\MAJOR PROJECT\Dataset\Dataset 0\road_classification\Road Surface Image Dataset with Detailed Annotations\dataset(v2)\dataset\test-set\9\2022-07-05 16-00-52-582.jpg,3
E:\MAJOR PROJECT\Dataset\Dataset 0\road_classification\Road Surface Image Dataset with Detailed Annotations\dataset(v2)\dataset\test-set\9\2022-07-05 16-00-53-584.jpg,3
E:\MAJOR PROJECT\Dataset\Dataset 0\road_classification\Road Surface Image Dataset with Detailed Annotations\dataset(v2)\dataset\test-set\9\2022-07-05 16-00-53-586.jpg,3
E:\MAJOR PROJECT\Dataset\Dataset 0\road_classification\Road Surface Image Dataset with Detailed Annotations\dataset(v2)\dataset\test-set\9\2022-07-05 16-00-54-588.jpg,3
E:\MAJOR PROJECT\Dataset\Dataset 0\road_classification\Road Surface Image Dataset with Detailed Annotations\dataset(v2)\dataset\test-set\9\2022-07-05 16-00-54-590.jpg,3
E:\MAJOR PROJECT\Dataset\Dataset 0\road_classification\Road Surface Image Dataset with Detailed Annotations\dataset(v2)\dataset\test-set\9\2022-07-05 16-00-55-592.jpg,3
E:\MAJOR PROJECT\Dataset\Dataset 0\road_classification\Road Surface Image Dataset with Detailed Annotations\dataset(v2)\dataset\test-set\9\2022-07-05 16-00-55-594.jpg,3
E:\MAJOR PROJECT\Dataset\Dataset 0\road_classification\Road Surface Image Dataset with Detailed Annotations\dataset(v2)\dataset\test-set\9\2022-07-05 16-00-56-596.jpg,3
E:\MAJOR PROJECT\Dataset\Dataset 0\road_classification\Road Surface Image Dataset with Detailed Annotations\dataset(v2)\dataset\test-set\9\2022-07-05 16-00-56-598.jpg,3
E:\MAJOR PROJECT\Dataset\Dataset 0\road_classification\Road Surface Image Dataset with Detailed Annotations\dataset(v2)\dataset\test-set\9\2022-07-05 16-00-57-600.jpg,3
E:\MAJOR PROJECT\Dataset\Dataset 0\road_classification\Road Surface Image Dataset with Detailed Annotations\dataset(v2)\dataset\test-set\9\2022-07-05 16-00-57-602.jpg,3
E:\MAJOR PROJECT\Dataset\Dataset 0\road_classification\Road Surface Image Dataset with Detailed Annotations\dataset(v2)\dataset\test-set\9\2022-07-05 16-00-58-604.jpg,3
E:\MAJOR PROJECT\Dataset\Dataset 0\road_classification\Road Surface Image Dataset with Detailed Annotations\dataset(v2)\dataset\test-set\9\2022-07-05 16-00-58-606.jpg,3
